id,text
1,I love how easy this product is to use. Case 1.
2,The app crashed before I could finish my work. Case 2.
3,The order was delivered yesterday afternoon. Case 3.
4,The support team answered quickly and fixed my issue. Case 4.
5,Customer support did not respond to my complaint. Case 5.
6,The account was created using an email address. Case 6.
7,The dashboard feels fast, polished, and reliable. Case 7.
8,The product stopped working after one day. Case 8.
9,The user opened the settings page at noon. Case 9.
10,This feature saves me time every single day. Case 10.
11,The checkout process was confusing and slow. Case 11.
12,The file contains three columns and one header row. Case 12.
13,The package arrived early and everything worked perfectly. Case 13.
14,The delivery was late and the box was damaged. Case 14.
15,The meeting is scheduled for Friday morning. Case 15.
16,I would happily recommend this service to my team. Case 16.
17,I am disappointed with the poor battery life. Case 17.
18,The device is available in black and silver. Case 18.
19,The latest update made the workflow much smoother. Case 19.
20,The report exported with missing information. Case 20.
21,The invoice was generated after the purchase. Case 21.
22,The instructions were clear and the result was excellent. Case 22.
23,The interface froze several times during review. Case 23.
24,The dataset includes product and support messages. Case 24.
25,I love how easy this product is to use. Case 25.
26,The app crashed before I could finish my work. Case 26.
27,The order was delivered yesterday afternoon. Case 27.
28,The support team answered quickly and fixed my issue. Case 28.
29,Customer support did not respond to my complaint. Case 29.
30,The account was created using an email address. Case 30.
31,The dashboard feels fast, polished, and reliable. Case 31.
32,The product stopped working after one day. Case 32.
33,The user opened the settings page at noon. Case 33.
34,This feature saves me time every single day. Case 34.
35,The checkout process was confusing and slow. Case 35.
36,The file contains three columns and one header row. Case 36.
37,The package arrived early and everything worked perfectly. Case 37.
38,The delivery was late and the box was damaged. Case 38.
39,The meeting is scheduled for Friday morning. Case 39.
40,I would happily recommend this service to my team. Case 40.
41,I am disappointed with the poor battery life. Case 41.
42,The device is available in black and silver. Case 42.
43,The latest update made the workflow much smoother. Case 43.
44,The report exported with missing information. Case 44.
45,The invoice was generated after the purchase. Case 45.
46,The instructions were clear and the result was excellent. Case 46.
47,The interface froze several times during review. Case 47.
48,The dataset includes product and support messages. Case 48.
49,I love how easy this product is to use. Case 49.
50,The app crashed before I could finish my work. Case 50.
51,The order was delivered yesterday afternoon. Case 51.
52,The support team answered quickly and fixed my issue. Case 52.
53,Customer support did not respond to my complaint. Case 53.
54,The account was created using an email address. Case 54.
55,The dashboard feels fast, polished, and reliable. Case 55.
56,The product stopped working after one day. Case 56.
57,The user opened the settings page at noon. Case 57.
58,This feature saves me time every single day. Case 58.
59,The checkout process was confusing and slow. Case 59.
60,The file contains three columns and one header row. Case 60.
61,The package arrived early and everything worked perfectly. Case 61.
62,The delivery was late and the box was damaged. Case 62.
63,The meeting is scheduled for Friday morning. Case 63.
64,I would happily recommend this service to my team. Case 64.
65,I am disappointed with the poor battery life. Case 65.
66,The device is available in black and silver. Case 66.
67,The latest update made the workflow much smoother. Case 67.
68,The report exported with missing information. Case 68.
69,The invoice was generated after the purchase. Case 69.
70,The instructions were clear and the result was excellent. Case 70.
71,The interface froze several times during review. Case 71.
72,The dataset includes product and support messages. Case 72.
73,I love how easy this product is to use. Case 73.
74,The app crashed before I could finish my work. Case 74.
75,The order was delivered yesterday afternoon. Case 75.
76,The support team answered quickly and fixed my issue. Case 76.
77,Customer support did not respond to my complaint. Case 77.
78,The account was created using an email address. Case 78.
79,The dashboard feels fast, polished, and reliable. Case 79.
80,The product stopped working after one day. Case 80.
81,The user opened the settings page at noon. Case 81.
82,This feature saves me time every single day. Case 82.
83,The checkout process was confusing and slow. Case 83.
84,The file contains three columns and one header row. Case 84.
85,The package arrived early and everything worked perfectly. Case 85.
86,The delivery was late and the box was damaged. Case 86.
87,The meeting is scheduled for Friday morning. Case 87.
88,I would happily recommend this service to my team. Case 88.
89,I am disappointed with the poor battery life. Case 89.
90,The device is available in black and silver. Case 90.
91,The latest update made the workflow much smoother. Case 91.
92,The report exported with missing information. Case 92.
93,The invoice was generated after the purchase. Case 93.
94,The instructions were clear and the result was excellent. Case 94.
95,The interface froze several times during review. Case 95.
96,The dataset includes product and support messages. Case 96.
97,I love how easy this product is to use. Case 97.
98,The app crashed before I could finish my work. Case 98.
99,The order was delivered yesterday afternoon. Case 99.
100,The support team answered quickly and fixed my issue. Case 100.
101,Customer support did not respond to my complaint. Case 101.
102,The account was created using an email address. Case 102.
103,The dashboard feels fast, polished, and reliable. Case 103.
104,The product stopped working after one day. Case 104.
105,The user opened the settings page at noon. Case 105.
106,This feature saves me time every single day. Case 106.
107,The checkout process was confusing and slow. Case 107.
108,The file contains three columns and one header row. Case 108.
109,The package arrived early and everything worked perfectly. Case 109.
110,The delivery was late and the box was damaged. Case 110.
111,The meeting is scheduled for Friday morning. Case 111.
112,I would happily recommend this service to my team. Case 112.
113,I am disappointed with the poor battery life. Case 113.
114,The device is available in black and silver. Case 114.
115,The latest update made the workflow much smoother. Case 115.
116,The report exported with missing information. Case 116.
117,The invoice was generated after the purchase. Case 117.
118,The instructions were clear and the result was excellent. Case 118.
119,The interface froze several times during review. Case 119.
120,The dataset includes product and support messages. Case 120.
121,I love how easy this product is to use. Case 121.
122,The app crashed before I could finish my work. Case 122.
123,The order was delivered yesterday afternoon. Case 123.
124,The support team answered quickly and fixed my issue. Case 124.
125,Customer support did not respond to my complaint. Case 125.
126,The account was created using an email address. Case 126.
127,The dashboard feels fast, polished, and reliable. Case 127.
128,The product stopped working after one day. Case 128.
129,The user opened the settings page at noon. Case 129.
130,This feature saves me time every single day. Case 130.
131,The checkout process was confusing and slow. Case 131.
132,The file contains three columns and one header row. Case 132.
133,The package arrived early and everything worked perfectly. Case 133.
134,The delivery was late and the box was damaged. Case 134.
135,The meeting is scheduled for Friday morning. Case 135.
136,I would happily recommend this service to my team. Case 136.
137,I am disappointed with the poor battery life. Case 137.
138,The device is available in black and silver. Case 138.
139,The latest update made the workflow much smoother. Case 139.
140,The report exported with missing information. Case 140.
141,The invoice was generated after the purchase. Case 141.
142,The instructions were clear and the result was excellent. Case 142.
143,The interface froze several times during review. Case 143.
144,The dataset includes product and support messages. Case 144.
145,I love how easy this product is to use. Case 145.
146,The app crashed before I could finish my work. Case 146.
147,The order was delivered yesterday afternoon. Case 147.
148,The support team answered quickly and fixed my issue. Case 148.
149,Customer support did not respond to my complaint. Case 149.
150,The account was created using an email address. Case 150.
151,The dashboard feels fast, polished, and reliable. Case 151.
152,The product stopped working after one day. Case 152.
153,The user opened the settings page at noon. Case 153.
154,This feature saves me time every single day. Case 154.
155,The checkout process was confusing and slow. Case 155.
156,The file contains three columns and one header row. Case 156.
157,The package arrived early and everything worked perfectly. Case 157.
158,The delivery was late and the box was damaged. Case 158.
159,The meeting is scheduled for Friday morning. Case 159.
160,I would happily recommend this service to my team. Case 160.
161,I am disappointed with the poor battery life. Case 161.
162,The device is available in black and silver. Case 162.
163,The latest update made the workflow much smoother. Case 163.
164,The report exported with missing information. Case 164.
165,The invoice was generated after the purchase. Case 165.
166,The instructions were clear and the result was excellent. Case 166.
167,The interface froze several times during review. Case 167.
168,The dataset includes product and support messages. Case 168.
169,I love how easy this product is to use. Case 169.
170,The app crashed before I could finish my work. Case 170.
171,The order was delivered yesterday afternoon. Case 171.
172,The support team answered quickly and fixed my issue. Case 172.
173,Customer support did not respond to my complaint. Case 173.
174,The account was created using an email address. Case 174.
175,The dashboard feels fast, polished, and reliable. Case 175.
176,The product stopped working after one day. Case 176.
177,The user opened the settings page at noon. Case 177.
178,This feature saves me time every single day. Case 178.
179,The checkout process was confusing and slow. Case 179.
180,The file contains three columns and one header row. Case 180.
181,The package arrived early and everything worked perfectly. Case 181.
182,The delivery was late and the box was damaged. Case 182.
183,The meeting is scheduled for Friday morning. Case 183.
184,I would happily recommend this service to my team. Case 184.
185,I am disappointed with the poor battery life. Case 185.
186,The device is available in black and silver. Case 186.
187,The latest update made the workflow much smoother. Case 187.
188,The report exported with missing information. Case 188.
189,The invoice was generated after the purchase. Case 189.
190,The instructions were clear and the result was excellent. Case 190.
191,The interface froze several times during review. Case 191.
192,The dataset includes product and support messages. Case 192.
193,I love how easy this product is to use. Case 193.
194,The app crashed before I could finish my work. Case 194.
195,The order was delivered yesterday afternoon. Case 195.
196,The support team answered quickly and fixed my issue. Case 196.
197,Customer support did not respond to my complaint. Case 197.
198,The account was created using an email address. Case 198.
199,The dashboard feels fast, polished, and reliable. Case 199.
200,The product stopped working after one day. Case 200.
201,The user opened the settings page at noon. Case 201.
202,This feature saves me time every single day. Case 202.
203,The checkout process was confusing and slow. Case 203.
204,The file contains three columns and one header row. Case 204.
205,The package arrived early and everything worked perfectly. Case 205.
206,The delivery was late and the box was damaged. Case 206.
207,The meeting is scheduled for Friday morning. Case 207.
208,I would happily recommend this service to my team. Case 208.
209,I am disappointed with the poor battery life. Case 209.
210,The device is available in black and silver. Case 210.
211,The latest update made the workflow much smoother. Case 211.
212,The report exported with missing information. Case 212.
213,The invoice was generated after the purchase. Case 213.
214,The instructions were clear and the result was excellent. Case 214.
215,The interface froze several times during review. Case 215.
216,The dataset includes product and support messages. Case 216.
217,I love how easy this product is to use. Case 217.
218,The app crashed before I could finish my work. Case 218.
219,The order was delivered yesterday afternoon. Case 219.
220,The support team answered quickly and fixed my issue. Case 220.
221,Customer support did not respond to my complaint. Case 221.
222,The account was created using an email address. Case 222.
223,The dashboard feels fast, polished, and reliable. Case 223.
224,The product stopped working after one day. Case 224.
225,The user opened the settings page at noon. Case 225.
226,This feature saves me time every single day. Case 226.
227,The checkout process was confusing and slow. Case 227.
228,The file contains three columns and one header row. Case 228.
229,The package arrived early and everything worked perfectly. Case 229.
230,The delivery was late and the box was damaged. Case 230.
231,The meeting is scheduled for Friday morning. Case 231.
232,I would happily recommend this service to my team. Case 232.
233,I am disappointed with the poor battery life. Case 233.
234,The device is available in black and silver. Case 234.
235,The latest update made the workflow much smoother. Case 235.
236,The report exported with missing information. Case 236.
237,The invoice was generated after the purchase. Case 237.
238,The instructions were clear and the result was excellent. Case 238.
239,The interface froze several times during review. Case 239.
240,The dataset includes product and support messages. Case 240.
241,I love how easy this product is to use. Case 241.
242,The app crashed before I could finish my work. Case 242.
243,The order was delivered yesterday afternoon. Case 243.
244,The support team answered quickly and fixed my issue. Case 244.
245,Customer support did not respond to my complaint. Case 245.
246,The account was created using an email address. Case 246.
247,The dashboard feels fast, polished, and reliable. Case 247.
248,The product stopped working after one day. Case 248.
249,The user opened the settings page at noon. Case 249.
250,This feature saves me time every single day. Case 250.
251,The checkout process was confusing and slow. Case 251.
252,The file contains three columns and one header row. Case 252.
253,The package arrived early and everything worked perfectly. Case 253.
254,The delivery was late and the box was damaged. Case 254.
255,The meeting is scheduled for Friday morning. Case 255.
256,I would happily recommend this service to my team. Case 256.
257,I am disappointed with the poor battery life. Case 257.
258,The device is available in black and silver. Case 258.
259,The latest update made the workflow much smoother. Case 259.
260,The report exported with missing information. Case 260.
261,The invoice was generated after the purchase. Case 261.
262,The instructions were clear and the result was excellent. Case 262.
263,The interface froze several times during review. Case 263.
264,The dataset includes product and support messages. Case 264.
265,I love how easy this product is to use. Case 265.
266,The app crashed before I could finish my work. Case 266.
267,The order was delivered yesterday afternoon. Case 267.
268,The support team answered quickly and fixed my issue. Case 268.
269,Customer support did not respond to my complaint. Case 269.
270,The account was created using an email address. Case 270.
271,The dashboard feels fast, polished, and reliable. Case 271.
272,The product stopped working after one day. Case 272.
273,The user opened the settings page at noon. Case 273.
274,This feature saves me time every single day. Case 274.
275,The checkout process was confusing and slow. Case 275.
276,The file contains three columns and one header row. Case 276.
277,The package arrived early and everything worked perfectly. Case 277.
278,The delivery was late and the box was damaged. Case 278.
279,The meeting is scheduled for Friday morning. Case 279.
280,I would happily recommend this service to my team. Case 280.
281,I am disappointed with the poor battery life. Case 281.
282,The device is available in black and silver. Case 282.
283,The latest update made the workflow much smoother. Case 283.
284,The report exported with missing information. Case 284.
285,The invoice was generated after the purchase. Case 285.
286,The instructions were clear and the result was excellent. Case 286.
287,The interface froze several times during review. Case 287.
288,The dataset includes product and support messages. Case 288.
289,I love how easy this product is to use. Case 289.
290,The app crashed before I could finish my work. Case 290.
291,The order was delivered yesterday afternoon. Case 291.
292,The support team answered quickly and fixed my issue. Case 292.
293,Customer support did not respond to my complaint. Case 293.
294,The account was created using an email address. Case 294.
295,The dashboard feels fast, polished, and reliable. Case 295.
296,The product stopped working after one day. Case 296.
297,The user opened the settings page at noon. Case 297.
298,This feature saves me time every single day. Case 298.
299,The checkout process was confusing and slow. Case 299.
300,The file contains three columns and one header row. Case 300.
301,The package arrived early and everything worked perfectly. Case 301.
302,The delivery was late and the box was damaged. Case 302.
303,The meeting is scheduled for Friday morning. Case 303.
304,I would happily recommend this service to my team. Case 304.
305,I am disappointed with the poor battery life. Case 305.
306,The device is available in black and silver. Case 306.
307,The latest update made the workflow much smoother. Case 307.
308,The report exported with missing information. Case 308.
309,The invoice was generated after the purchase. Case 309.
310,The instructions were clear and the result was excellent. Case 310.
311,The interface froze several times during review. Case 311.
312,The dataset includes product and support messages. Case 312.
313,I love how easy this product is to use. Case 313.
314,The app crashed before I could finish my work. Case 314.
315,The order was delivered yesterday afternoon. Case 315.
316,The support team answered quickly and fixed my issue. Case 316.
317,Customer support did not respond to my complaint. Case 317.
318,The account was created using an email address. Case 318.
319,The dashboard feels fast, polished, and reliable. Case 319.
320,The product stopped working after one day. Case 320.
321,The user opened the settings page at noon. Case 321.
322,This feature saves me time every single day. Case 322.
323,The checkout process was confusing and slow. Case 323.
324,The file contains three columns and one header row. Case 324.
325,The package arrived early and everything worked perfectly. Case 325.
326,The delivery was late and the box was damaged. Case 326.
327,The meeting is scheduled for Friday morning. Case 327.
328,I would happily recommend this service to my team. Case 328.
329,I am disappointed with the poor battery life. Case 329.
330,The device is available in black and silver. Case 330.
331,The latest update made the workflow much smoother. Case 331.
332,The report exported with missing information. Case 332.
333,The invoice was generated after the purchase. Case 333.
334,The instructions were clear and the result was excellent. Case 334.
335,The interface froze several times during review. Case 335.
336,The dataset includes product and support messages. Case 336.
337,I love how easy this product is to use. Case 337.
338,The app crashed before I could finish my work. Case 338.
339,The order was delivered yesterday afternoon. Case 339.
340,The support team answered quickly and fixed my issue. Case 340.
341,Customer support did not respond to my complaint. Case 341.
342,The account was created using an email address. Case 342.
343,The dashboard feels fast, polished, and reliable. Case 343.
344,The product stopped working after one day. Case 344.
345,The user opened the settings page at noon. Case 345.
346,This feature saves me time every single day. Case 346.
347,The checkout process was confusing and slow. Case 347.
348,The file contains three columns and one header row. Case 348.
349,The package arrived early and everything worked perfectly. Case 349.
350,The delivery was late and the box was damaged. Case 350.
351,The meeting is scheduled for Friday morning. Case 351.
352,I would happily recommend this service to my team. Case 352.
353,I am disappointed with the poor battery life. Case 353.
354,The device is available in black and silver. Case 354.
355,The latest update made the workflow much smoother. Case 355.
356,The report exported with missing information. Case 356.
357,The invoice was generated after the purchase. Case 357.
358,The instructions were clear and the result was excellent. Case 358.
359,The interface froze several times during review. Case 359.
360,The dataset includes product and support messages. Case 360.
361,I love how easy this product is to use. Case 361.
362,The app crashed before I could finish my work. Case 362.
363,The order was delivered yesterday afternoon. Case 363.
364,The support team answered quickly and fixed my issue. Case 364.
365,Customer support did not respond to my complaint. Case 365.
366,The account was created using an email address. Case 366.
367,The dashboard feels fast, polished, and reliable. Case 367.
368,The product stopped working after one day. Case 368.
369,The user opened the settings page at noon. Case 369.
370,This feature saves me time every single day. Case 370.
371,The checkout process was confusing and slow. Case 371.
372,The file contains three columns and one header row. Case 372.
373,The package arrived early and everything worked perfectly. Case 373.
374,The delivery was late and the box was damaged. Case 374.
375,The meeting is scheduled for Friday morning. Case 375.
376,I would happily recommend this service to my team. Case 376.
377,I am disappointed with the poor battery life. Case 377.
378,The device is available in black and silver. Case 378.
379,The latest update made the workflow much smoother. Case 379.
380,The report exported with missing information. Case 380.
381,The invoice was generated after the purchase. Case 381.
382,The instructions were clear and the result was excellent. Case 382.
383,The interface froze several times during review. Case 383.
384,The dataset includes product and support messages. Case 384.
385,I love how easy this product is to use. Case 385.
386,The app crashed before I could finish my work. Case 386.
387,The order was delivered yesterday afternoon. Case 387.
388,The support team answered quickly and fixed my issue. Case 388.
389,Customer support did not respond to my complaint. Case 389.
390,The account was created using an email address. Case 390.
391,The dashboard feels fast, polished, and reliable. Case 391.
392,The product stopped working after one day. Case 392.
393,The user opened the settings page at noon. Case 393.
394,This feature saves me time every single day. Case 394.
395,The checkout process was confusing and slow. Case 395.
396,The file contains three columns and one header row. Case 396.
397,The package arrived early and everything worked perfectly. Case 397.
398,The delivery was late and the box was damaged. Case 398.
399,The meeting is scheduled for Friday morning. Case 399.
400,I would happily recommend this service to my team. Case 400.
401,I am disappointed with the poor battery life. Case 401.
402,The device is available in black and silver. Case 402.
403,The latest update made the workflow much smoother. Case 403.
404,The report exported with missing information. Case 404.
405,The invoice was generated after the purchase. Case 405.
406,The instructions were clear and the result was excellent. Case 406.
407,The interface froze several times during review. Case 407.
408,The dataset includes product and support messages. Case 408.
409,I love how easy this product is to use. Case 409.
410,The app crashed before I could finish my work. Case 410.
411,The order was delivered yesterday afternoon. Case 411.
412,The support team answered quickly and fixed my issue. Case 412.
413,Customer support did not respond to my complaint. Case 413.
414,The account was created using an email address. Case 414.
415,The dashboard feels fast, polished, and reliable. Case 415.
416,The product stopped working after one day. Case 416.
417,The user opened the settings page at noon. Case 417.
418,This feature saves me time every single day. Case 418.
419,The checkout process was confusing and slow. Case 419.
420,The file contains three columns and one header row. Case 420.
421,The package arrived early and everything worked perfectly. Case 421.
422,The delivery was late and the box was damaged. Case 422.
423,The meeting is scheduled for Friday morning. Case 423.
424,I would happily recommend this service to my team. Case 424.
425,I am disappointed with the poor battery life. Case 425.
426,The device is available in black and silver. Case 426.
427,The latest update made the workflow much smoother. Case 427.
428,The report exported with missing information. Case 428.
429,The invoice was generated after the purchase. Case 429.
430,The instructions were clear and the result was excellent. Case 430.
431,The interface froze several times during review. Case 431.
432,The dataset includes product and support messages. Case 432.
433,I love how easy this product is to use. Case 433.
434,The app crashed before I could finish my work. Case 434.
435,The order was delivered yesterday afternoon. Case 435.
436,The support team answered quickly and fixed my issue. Case 436.
437,Customer support did not respond to my complaint. Case 437.
438,The account was created using an email address. Case 438.
439,The dashboard feels fast, polished, and reliable. Case 439.
440,The product stopped working after one day. Case 440.
441,The user opened the settings page at noon. Case 441.
442,This feature saves me time every single day. Case 442.
443,The checkout process was confusing and slow. Case 443.
444,The file contains three columns and one header row. Case 444.
445,The package arrived early and everything worked perfectly. Case 445.
446,The delivery was late and the box was damaged. Case 446.
447,The meeting is scheduled for Friday morning. Case 447.
448,I would happily recommend this service to my team. Case 448.
449,I am disappointed with the poor battery life. Case 449.
450,The device is available in black and silver. Case 450.
451,The latest update made the workflow much smoother. Case 451.
452,The report exported with missing information. Case 452.
453,The invoice was generated after the purchase. Case 453.
454,The instructions were clear and the result was excellent. Case 454.
455,The interface froze several times during review. Case 455.
456,The dataset includes product and support messages. Case 456.
457,I love how easy this product is to use. Case 457.
458,The app crashed before I could finish my work. Case 458.
459,The order was delivered yesterday afternoon. Case 459.
460,The support team answered quickly and fixed my issue. Case 460.
461,Customer support did not respond to my complaint. Case 461.
462,The account was created using an email address. Case 462.
463,The dashboard feels fast, polished, and reliable. Case 463.
464,The product stopped working after one day. Case 464.
465,The user opened the settings page at noon. Case 465.
466,This feature saves me time every single day. Case 466.
467,The checkout process was confusing and slow. Case 467.
468,The file contains three columns and one header row. Case 468.
469,The package arrived early and everything worked perfectly. Case 469.
470,The delivery was late and the box was damaged. Case 470.
471,The meeting is scheduled for Friday morning. Case 471.
472,I would happily recommend this service to my team. Case 472.
473,I am disappointed with the poor battery life. Case 473.
474,The device is available in black and silver. Case 474.
475,The latest update made the workflow much smoother. Case 475.
476,The report exported with missing information. Case 476.
477,The invoice was generated after the purchase. Case 477.
478,The instructions were clear and the result was excellent. Case 478.
479,The interface froze several times during review. Case 479.
480,The dataset includes product and support messages. Case 480.
481,I love how easy this product is to use. Case 481.
482,The app crashed before I could finish my work. Case 482.
483,The order was delivered yesterday afternoon. Case 483.
484,The support team answered quickly and fixed my issue. Case 484.
485,Customer support did not respond to my complaint. Case 485.
486,The account was created using an email address. Case 486.
487,The dashboard feels fast, polished, and reliable. Case 487.
488,The product stopped working after one day. Case 488.
489,The user opened the settings page at noon. Case 489.
490,This feature saves me time every single day. Case 490.
491,The checkout process was confusing and slow. Case 491.
492,The file contains three columns and one header row. Case 492.
493,The package arrived early and everything worked perfectly. Case 493.
494,The delivery was late and the box was damaged. Case 494.
495,The meeting is scheduled for Friday morning. Case 495.
496,I would happily recommend this service to my team. Case 496.
497,I am disappointed with the poor battery life. Case 497.
498,The device is available in black and silver. Case 498.
499,The latest update made the workflow much smoother. Case 499.
500,The report exported with missing information. Case 500.
